<?xml version="1.0" encoding="UTF-8"?>
<beans xmlns="http://www.springframework.org/schema/beans"
	xmlns:xsi="http://www.w3.org/2001/XMLSchema-instance"
	xmlns:context="http://www.springframework.org/schema/context"
	xsi:schemaLocation="http://www.springframework.org/schema/beans http://www.springframework.org/schema/beans/spring-beans.xsd
		http://www.springframework.org/schema/context http://www.springframework.org/schema/context/spring-context-4.3.xsd">
<bean id="address" class="com.cg.project.beans.Address">
	<property name="city" value="pune"></property>
	<property name="state" value="Maharastra"></property>
	<property name="pinCode" value="432112"></property>
</bean>
<bean id="employee" class="com.cg.project.beans.Employee">
	<property name="employeeId" value="1234"></property>
	<property name="firstName" value="Subhamaya"></property>
	<property name="lastName" value="Samanta"></property>
	<property name="emailId" value="subhamaysamanta1997@gmail.com"></property>
	<property name="address" ref="address"></property>
</bean>


</beans>
