<?xml version="1.0" encoding="UTF-8"?>
<beans xmlns="http://www.springframework.org/schema/beans"
	xmlns:xsi="http://www.w3.org/2001/XMLSchema-instance"
	xmlns:context="http://www.springframework.org/schema/context"
	xsi:schemaLocation="http://www.springframework.org/schema/beans http://www.springframework.org/schema/beans/spring-beans.xsd
		http://www.springframework.org/schema/context http://www.springframework.org/schema/context/spring-context-4.3.xsd">
<context:annotation-config></context:annotation-config>
<bean id="address" class="com.cg.project.beans.Address">
	<property name="city" value="pune"/>
	<property name="state" value="Maharastra"/>
	<property name="pinCode" value="432112"/>
</bean>
<bean id="employee" class="com.cg.project.beans.Employee" scope="prototype">
	<property name="employeeId" value="1234"/>
	<property name="firstName" value="Subhamaya"/>
	<property name="lastName" value="Samanta"/>
	<property name="emailId" value="subhamaysamanta1997@gmail.com"/>

</bean>


</beans>
