<?xml version="1.0" encoding="UTF-8"?>
<beans xmlns="http://www.springframework.org/schema/beans"
	xmlns:xsi="http://www.w3.org/2001/XMLSchema-instance"
	xmlns:context="http://www.springframework.org/schema/context"
	xsi:schemaLocation="http://www.springframework.org/schema/beans
    http://www.springframework.org/schema/beans/spring-beans-2.5.xsd
    http://www.springframework.org/schema/aop
    http://www.springframework.org/schema/aop/spring-aop-2.5.xsd
    http://www.springframework.org/schema/tx
    http://www.springframework.org/schema/tx/spring-tx-2.5.xsd
    http://www.springframework.org/schema/context
    http://www.springframework.org/schema/context/spring-context.xsd">
    <context:component-scan base-package="com.cg.payroll"></context:component-scan>
<context:annotation-config/>
<bean id="dataSource" class="org.springframework.jdbc.datasource.DriverManagerDataSource">
 <property name="driverClassName" value="oracle.jdbc.driver.OracleDriver" />
            <property name="url" value="jdbc:oracle:thin:@localhost:1521:xe" />
            <property name="username" value="System" />
            <property name="password" value="Capgemini123" />
</bean>
<bean id="jpaVendorAdapter" class="org.springframework.orm.jpa.vendor.HibernateJpaVendorAdapter"/>
<bean id="jpaDialect" class="org.springframework.orm.jpa.vendor.HibernateJpaDialect"/>
<bean id="entityMangerFactory" class="org.springframework.orm.jpa.LocalContainerEntityManagerFactoryBean">
<property name="dataSource" ref="dataSource"></property>
<property name="jpaVendorAdapter" ref="jpaVendorAdapter"></property>
<property name="jpaDialect" ref="jpaDialect"></property>
<property name="packagesToScan" value="com.cg.payroll.beans"></property>
<property name="jpaProperties" >
<props>
	 <prop key="hibernate.hbm2ddl.auto" >create</prop>
            <prop key="hibernate.show_sql" >true</prop>
            <prop key="hibernate.dialect" >org.hibernate.dialect.OracleDialect</prop>
</props>
</property>
</bean>

</beans>
